{
  "variants": {
    "facing=east,servings=0": {
      "model": "oceansdelight:block/guardian_soup_leftover",
      "y": 90
    },
    "facing=east,servings=1": {
      "model": "oceansdelight:block/guardian_soup_stage3",
      "y": 90
    },
    "facing=east,servings=2": {
      "model": "oceansdelight:block/guardian_soup_stage2",
      "y": 90
    },
    "facing=east,servings=3": {
      "model": "oceansdelight:block/guardian_soup_stage1",
      "y": 90
    },
    "facing=east,servings=4": {
      "model": "oceansdelight:block/guardian_soup_stage0",
      "y": 90
    },
    "facing=north,servings=0": {
      "model": "oceansdelight:block/guardian_soup_leftover"
    },
    "facing=north,servings=1": {
      "model": "oceansdelight:block/guardian_soup_stage3"
    },
    "facing=north,servings=2": {
      "model": "oceansdelight:block/guardian_soup_stage2"
    },
    "facing=north,servings=3": {
      "model": "oceansdelight:block/guardian_soup_stage1"
    },
    "facing=north,servings=4": {
      "model": "oceansdelight:block/guardian_soup_stage0"
    },
    "facing=south,servings=0": {
      "model": "oceansdelight:block/guardian_soup_leftover",
      "y": 180
    },
    "facing=south,servings=1": {
      "model": "oceansdelight:block/guardian_soup_stage3",
      "y": 180
    },
    "facing=south,servings=2": {
      "model": "oceansdelight:block/guardian_soup_stage2",
      "y": 180
    },
    "facing=south,servings=3": {
      "model": "oceansdelight:block/guardian_soup_stage1",
      "y": 180
    },
    "facing=south,servings=4": {
      "model": "oceansdelight:block/guardian_soup_stage0",
      "y": 180
    },
    "facing=west,servings=0": {
      "model": "oceansdelight:block/guardian_soup_leftover",
      "y": 270
    },
    "facing=west,servings=1": {
      "model": "oceansdelight:block/guardian_soup_stage3",
      "y": 270
    },
    "facing=west,servings=2": {
      "model": "oceansdelight:block/guardian_soup_stage2",
      "y": 270
    },
    "facing=west,servings=3": {
      "model": "oceansdelight:block/guardian_soup_stage1",
      "y": 270
    },
    "facing=west,servings=4": {
      "model": "oceansdelight:block/guardian_soup_stage0",
      "y": 270
    }
  }
}