{
  "type": "forge:conditional",
  "recipes": [
    {
      "conditions": [
        {
          "type": "forge:mod_loaded",
          "modid": "farmersdelight"
        }
      ],
      "recipe": {
        "type": "farmersdelight:cooking",
        "container": {
          "item": "minecraft:bowl"
        },
        "cookingtime": 200,
        "experience": 0.35,
        "ingredients": [
          {
            "item": "minecraft:sea_pickle"
          },
          {
            "item": "minecraft:brown_mushroom"
          },
          {
            "item": "minecraft:brown_mushroom"
          }
        ],
        "result": {
          "item": "oceansdelight:braised_sea_pickle"
        }
      }
    }
  ]
}