{
  "type": "forge:conditional",
  "recipes": [
    {
      "conditions": [
        {
          "type": "forge:mod_loaded",
          "modid": "farmersdelight"
        }
      ],
      "recipe": {
        "type": "minecraft:crafting_shapeless",
        "ingredients": [
          {
            "item": "oceansdelight:elder_guardian_slice"
          },
          {
            "item": "oceansdelight:elder_guardian_slice"
          },
          {
            "item": "farmersdelight:cooked_rice"
          }
        ],
        "result": {
          "item": "oceansdelight:elder_guardian_roll"
        }
      }
    }
  ]
}