{
  "parent": "minecraft:recipes/root",
  "criteria": {
    "has_cooked_elder_guardian_slice": {
      "conditions": {
        "items": [
          {
            "items": [
              "oceansdelight:cooked_elder_guardian_slice"
            ]
          }
        ]
      },
      "trigger": "minecraft:inventory_changed"
    },
    "has_the_recipe": {
      "conditions": {
        "recipe": "oceansdelight:cabbage_wrapped_elder_guardian"
      },
      "trigger": "minecraft:recipe_unlocked"
    }
  },
  "requirements": [
    [
      "has_cooked_elder_guardian_slice",
      "has_the_recipe"
    ]
  ],
  "rewards": {
    "recipes": [
      "oceansdelight:cabbage_wrapped_elder_guardian"
    ]
  }
}