{
  "parent": "minecraft:recipes/root",
  "criteria": {
    "has_seagrass": {
      "conditions": {
        "items": [
          {
            "items": [
              "minecraft:seagrass"
            ]
          }
        ]
      },
      "trigger": "minecraft:inventory_changed"
    },
    "has_the_recipe": {
      "conditions": {
        "recipe": "oceansdelight:seagrass_salad"
      },
      "trigger": "minecraft:recipe_unlocked"
    }
  },
  "requirements": [
    [
      "has_seagrass",
      "has_the_recipe"
    ]
  ],
  "rewards": {
    "recipes": [
      "oceansdelight:seagrass_salad"
    ]
  }
}