{
  "parent": "minecraft:recipes/root",
  "criteria": {
    "has_tentacles": {
      "conditions": {
        "items": [
          {
            "items": [
              "oceansdelight:tentacles"
            ]
          }
        ]
      },
      "trigger": "minecraft:inventory_changed"
    },
    "has_the_recipe": {
      "conditions": {
        "recipe": "oceansdelight:tentacle_on_a_stick"
      },
      "trigger": "minecraft:recipe_unlocked"
    }
  },
  "requirements": [
    [
      "has_tentacles",
      "has_the_recipe"
    ]
  ],
  "rewards": {
    "recipes": [
      "oceansdelight:tentacle_on_a_stick"
    ]
  }
}