{
  "advancements": [
    {
      "advancement": {
        "parent": "minecraft:recipes/root",
        "criteria": {
          "cooked_stuffed_cod": {
            "conditions": {
              "items": [
                {
                  "items": [
                    "oceansdelight:stuffed_cod"
                  ]
                }
              ]
            },
            "trigger": "minecraft:inventory_changed"
          },
          "has_the_recipe": {
            "conditions": {
              "recipe": "oceansdelight:cooked_stuffed_cod_from_smoking"
            },
            "trigger": "minecraft:recipe_unlocked"
          }
        },
        "requirements": [
          [
            "cooked_stuffed_cod",
            "has_the_recipe"
          ]
        ],
        "rewards": {
          "recipes": [
            "oceansdelight:cooked_stuffed_cod_from_smoking"
          ]
        }
      },
      "conditions": [
        {
          "type": "forge:mod_loaded",
          "modid": "farmersdelight"
        }
      ]
    }
  ]
}