{
  "type": "forge:conditional",
  "recipes": [
    {
      "conditions": [
        {
          "type": "forge:mod_loaded",
          "modid": "farmersdelight"
        }
      ],
      "recipe": {
        "type": "farmersdelight:cutting",
        "ingredients": [
          {
            "item": "oceansdelight:elder_guardian_slab"
          }
        ],
        "result": [
          {
            "count": 9,
            "item": "oceansdelight:elder_guardian_slice"
          },
          {
            "item": "minecraft:bone_meal"
          }
        ],
        "tool": {
          "tag": "forge:tools/knives"
        }
      }
    }
  ]
}