{
  "type": "farmersdelight:add_item",
  "conditions": [
    {
      "condition": "minecraft:entity_properties",
      "entity": "killer",
      "predicate": {
        "equipment": {
          "mainhand": {
            "tag": "farmersdelight:tools/knives"
          }
        }
      }
    },
    {
      "condition": "minecraft:entity_properties",
      "entity": "this",
      "predicate": {
        "type": "minecraft:elder_guardian"
      }
    }
  ],
  "item": "oceansdelight:elder_guardian_slab"
}