{
  "illegalPathSupportMode": "None",
  "enableCustomTextures": false,
  "enableCustomBlockEntities": false,
  "textureUpdateFrequency_V2": "Fast",
  "restrictBiome": true,
  "restrictHeight": true,
  "restrictBlock": true,
  "restrictWeather": true,
  "restrictDayTime": true,
  "restrictMoonPhase": true,
  "enableEmissiveTextures": true,
  "enableEnchantedTextures": true,
  "enableEmissiveBlockEntities": true,
  "emissiveRenderMode": "DULL",
  "alwaysCheckVanillaEmissiveSuffix": false,
  "enableArmorAndTrims": false,
  "skinFeaturesEnabled": true,
  "skinFeaturesEnableTransparency": true,
  "skinFeaturesEnableFullTransparency": true,
  "tryETFTransparencyForAllSkins": true,
  "enableEnemyTeamPlayersSkinFeatures": true,
  "enableBlinking": true,
  "blinkFrequency": 150,
  "blinkLength": 1,
  "advanced_IncreaseCacheSizeModifier": 1.0,
  "debugLoggingMode": "None",
  "logTextureDataInitialization": false,
  "ignoredConfigs2": [],
  "hideConfigButton": false,
  "disableVanillaDirectoryVariantTextures": false,
  "use3DSkinLayerPatch": true,
  "enableFullBodyWardenTextures": true
}